"T3a";"0";"Porte de Vincennes";"48.8469834975727, 2.4095379858241412";"Alexandra David-Néel";"48.84368526694643, 2.4100250065154265";"00:05";"0.184"
"T3a";"0";"Alexandra David-Néel";"48.84368526694643, 2.4100250065154265";"Montempoivre";"48.83988400020971, 2.408814546821016";"00:15";"0.212"
"T3a";"0";"Montempoivre";"48.83988400020971, 2.408814546821016";"Porte Dorée";"48.83512991676044, 2.4058985151305987";"00:55";"0.268"
"T3a";"0";"Porte Dorée";"48.83512991676044, 2.4058985151305987";"Porte de Charenton";"48.8320158556433, 2.3982507364087526";"00:13";"0.209"
"T3a";"0";"Porte de Charenton";"48.8320158556433, 2.3982507364087526";"Baron le Roy";"48.83042655091173, 2.39341950392133";"00:02";"0.115"
"T3a";"0";"Baron le Roy";"48.83042655091173, 2.39341950392133";"Avenue de France";"48.82555977471331, 2.3809038056961698";"01:38";"0.328"
"T3a";"0";"Avenue de France";"48.82555977471331, 2.3809038056961698";"Maryse Bastié";"48.824382190272274, 2.3775534381245933";"00:01";"0.081"
"T3a";"0";"Maryse Bastié";"48.824382190272274, 2.3775534381245933";"Porte d'Ivry";"48.8218601257817, 2.3699562338281868";"00:05";"0.177"
"T3a";"0";"Porte d'Ivry";"48.8218601257817, 2.3699562338281868";"Porte de Choisy";"48.81976866806797, 2.3639343743867536";"00:03";"0.144"
"T3a";"0";"Porte de Choisy";"48.81976866806797, 2.3639343743867536";"Porte d'Italie";"48.819064255539985, 2.3600205548381514";"00:01";"0.067"
"T3a";"0";"Porte d'Italie";"48.819064255539985, 2.3600205548381514";"Poterne des Peupliers";"48.82073732671356, 2.3500574676519284";"00:05";"0.167"
"T3a";"0";"Poterne des Peupliers";"48.82073732671356, 2.3500574676519284";"Stade Charléty - Porte de Gentilly";"48.819535450932925, 2.34571416711844";"00:02";"0.09"
"T3a";"0";"Stade Charléty - Porte de Gentilly";"48.819535450932925, 2.34571416711844";"Cité Universitaire";"48.820509933065615, 2.338115658368057";"00:03";"0.119"
"T3a";"0";"Cité Universitaire";"48.820509933065615, 2.338115658368057";"Montsouris";"48.82154495165109, 2.3333899397534115";"00:02";"0.088"
"T3a";"0";"Montsouris";"48.82154495165109, 2.3333899397534115";"Porte d'Orléans";"48.82335017119638, 2.324922053842732";"00:04";"0.156"
"T3a";"0";"Porte d'Orléans";"48.82335017119638, 2.324922053842732";"Jean Moulin";"48.824763620104996, 2.3188287710972655";"00:02";"0.118"
"T3a";"0";"Jean Moulin";"48.824763620104996, 2.3188287710972655";"Didot";"48.82597351412929, 2.3133644199139147";"00:02";"0.104"
"T3a";"0";"Didot";"48.82597351412929, 2.3133644199139147";"Porte de Vanves";"48.827454921561646, 2.3066838708072592";"00:03";"0.128"
"T3a";"0";"Porte de Vanves";"48.827454921561646, 2.3066838708072592";"Brancion";"48.82870707372911, 2.300850585299838";"00:02";"0.111"
"T3a";"0";"Brancion";"48.82870707372911, 2.300850585299838";"Georges Brassens";"48.83007584981405, 2.295015438602318";"00:02";"0.116"
"T3a";"0";"Georges Brassens";"48.83007584981405, 2.295015438602318";"Porte de Versailles - Parc des Expositions";"48.832714950896516, 2.2880864296816648";"00:05";"0.18"
"T3a";"0";"Porte de Versailles - Parc des Expositions";"48.832714950896516, 2.2880864296816648";"Desnouettes";"48.834603133856895, 2.283483092163333";"00:03";"0.127"
"T3a";"0";"Desnouettes";"48.834603133856895, 2.283483092163333";"Balard";"48.83632904720439, 2.277355761841914";"00:03";"0.135"
"T3a";"0";"Balard";"48.83632904720439, 2.277355761841914";"Pont du Garigliano";"48.83807321092004, 2.271323138312333";"00:03";"0.136"
"T3a";"0";"Pont du Garigliano";"48.83807321092004, 2.271323138312333";"Balard";"48.835888441280396, 2.2788605111327747";"00:05";"0.17"
"T3a";"0";"Balard";"48.835888441280396, 2.2788605111327747";"Desnouettes";"48.83411479687378, 2.284538816875225";"00:03";"0.132"
"T3a";"0";"Desnouettes";"48.83411479687378, 2.284538816875225";"Porte de Versailles - Parc des Expositions";"48.83260662902873, 2.2880197933556627";"00:02";"0.099"
"T3a";"0";"Porte de Versailles - Parc des Expositions";"48.83260662902873, 2.2880197933556627";"Georges Brassens";"48.82958965330787, 2.29645235862634";"00:14";"0.211"
"T3a";"0";"Georges Brassens";"48.82958965330787, 2.29645235862634";"Brancion";"48.82864316650426, 2.3006879774102935";"00:01";"0.082"
"T3a";"0";"Brancion";"48.82864316650426, 2.3006879774102935";"Porte de Vanves";"48.827373746784275, 2.3066440851164933";"00:02";"0.113"
"T3a";"0";"Porte de Vanves";"48.827373746784275, 2.3066440851164933";"Didot";"48.82588342655846, 2.313338363709676";"00:03";"0.128"
"T3a";"0";"Didot";"48.82588342655846, 2.313338363709676";"Jean Moulin";"48.824656012842546, 2.318884661036553";"00:02";"0.105"
"T3a";"0";"Jean Moulin";"48.824656012842546, 2.318884661036553";"Porte d'Orléans";"48.822943553337296, 2.326180409502787";"00:03";"0.141"
"T3a";"0";"Porte d'Orléans";"48.822943553337296, 2.326180409502787";"Montsouris";"48.82149015737766, 2.333240818516532";"00:03";"0.128"
"T3a";"0";"Montsouris";"48.82149015737766, 2.333240818516532";"Cité Universitaire";"48.820191827892465, 2.339141182523244";"00:02";"0.11"
"T3a";"0";"Cité Universitaire";"48.820191827892465, 2.339141182523244";"Stade Charléty - Porte de Gentilly";"48.81944596603347, 2.345797007642135";"00:02";"0.101"
"T3a";"0";"Stade Charléty - Porte de Gentilly";"48.81944596603347, 2.345797007642135";"Poterne des Peupliers";"48.82083627815218, 2.3517178700368593";"00:02";"0.113"
"T3a";"0";"Poterne des Peupliers";"48.82083627815218, 2.3517178700368593";"Porte d'Italie";"48.81898404542081, 2.36015773399431";"00:04";"0.156"
"T3a";"0";"Porte d'Italie";"48.81898404542081, 2.36015773399431";"Porte de Choisy";"48.81971514342374, 2.3640167452454044";"00:01";"0.067"
"T3a";"0";"Porte de Choisy";"48.81971514342374, 2.3640167452454044";"Porte d'Ivry";"48.821816307706, 2.3701746864334314";"00:04";"0.145"
"T3a";"0";"Porte d'Ivry";"48.821816307706, 2.3701746864334314";"Maryse Bastié";"48.82432922348724, 2.377744762249231";"00:05";"0.176"
"T3a";"0";"Maryse Bastié";"48.82432922348724, 2.377744762249231";"Avenue de France";"48.825489098203334, 2.381149825464056";"00:01";"0.081"
"T3a";"0";"Avenue de France";"48.825489098203334, 2.381149825464056";"Baron le Roy";"48.830336895691396, 2.3934750366791087";"01:36";"0.325"
"T3a";"0";"Baron le Roy";"48.830336895691396, 2.3934750366791087";"Porte de Charenton";"48.831971917767255, 2.398455585755042";"00:03";"0.118"
"T3a";"0";"Porte de Charenton";"48.831971917767255, 2.398455585755042";"Porte Dorée";"48.83597310359848, 2.407264913210672";"00:50";"0.261"
"T3a";"0";"Porte Dorée";"48.83597310359848, 2.407264913210672";"Montempoivre";"48.83986661994873, 2.408937367696815";"00:19";"0.218"
"T3a";"0";"Montempoivre";"48.83986661994873, 2.408937367696815";"Alexandra David-Néel";"48.843658959618125, 2.410161562816697";"00:15";"0.212"
"T3a";"0";"Alexandra David-Néel";"48.843658959618125, 2.410161562816697";"Porte de Vincennes";"48.846884708674125, 2.409566358514211";"00:05";"0.18"
"T3a";"1";"Balard";"48.83632904720439, 2.277355761841914";"Pont du Garigliano";"48.838018340072864, 2.271174035081847";"00:03";"0.135"
"T3a";"0";"Pont du Garigliano";"48.838018340072864, 2.271174035081847";"Balard";"48.835888441280396, 2.2788605111327747";"00:05";"0.169"
"C";"0";"Dourdan";"48.53376051220457, 2.008756915662106";"Sermaise";"48.535687624993614, 2.069088468619773";"10:35";"1.074"
"C";"0";"Sermaise";"48.535687624993614, 2.069088468619773";"Saint-Chéron";"48.550937745357075, 2.1249767315730463";"12:51";"1.263"
"C";"0";"Saint-Chéron";"48.550937745357075, 2.1249767315730463";"Breuillet Village";"48.56433413404574, 2.170354257290333";"09:52";"1.014"
"C";"0";"Breuillet Village";"48.56433413404574, 2.170354257290333";"Breuillet - Bruyères-le-Châtel";"48.57760979436327, 2.1922487394356454";"07:16";"0.797"
"C";"0";"Breuillet - Bruyères-le-Châtel";"48.57760979436327, 2.1922487394356454";"Égly";"48.582715781664064, 2.2234625238542307";"03:33";"0.488"
"C";"0";"Égly";"48.582715781664064, 2.2234625238542307";"Arpajon";"48.58599680822646, 2.2412169696111426";"01:07";"0.284"
"C";"0";"Arpajon";"48.58599680822646, 2.2412169696111426";"La Norville - Saint-Germain-lès-Arpajon";"48.59111916474817, 2.266215906699314";"02:37";"0.41"
"C";"0";"La Norville - Saint-Germain-lès-Arpajon";"48.59111916474817, 2.266215906699314";"Brétigny";"48.60664906621052, 2.3019573828860596";"09:01";"0.943"
"C";"0";"Brétigny";"48.60664906621052, 2.3019573828860596";"Saint-Michel-sur-Orge";"48.635615525211605, 2.3068029676156123";"17:02";"1.611"
"C";"0";"Saint-Michel-sur-Orge";"48.635615525211605, 2.3068029676156123";"Sainte-Geneviève-des-Bois";"48.65295347339147, 2.3129608959702024";"09:17";"0.964"
"C";"0";"Sainte-Geneviève-des-Bois";"48.65295347339147, 2.3129608959702024";"Épinay-sur-Orge";"48.6693475106473, 2.332043500451718";"08:40";"0.914"
"C";"0";"Épinay-sur-Orge";"48.6693475106473, 2.332043500451718";"Savigny-sur-Orge";"48.67639468866699, 2.3523541804056833";"02:26";"0.395"
"C";"0";"Savigny-sur-Orge";"48.67639468866699, 2.3523541804056833";"Juvisy";"48.68970940912314, 2.383334629403869";"06:36";"0.741"
"C";"0";"Juvisy";"48.68970940912314, 2.383334629403869";"Bibliothèque François Mitterrand";"48.8288801225864, 2.377758552865005";"90:32";"7.736"
"C";"0";"Bibliothèque François Mitterrand";"48.8288801225864, 2.377758552865005";"Gare d'Austerlitz";"48.84032035638395, 2.367818767583529";"05:33";"0.654"
"C";"0";"Gare d'Austerlitz";"48.84032035638395, 2.367818767583529";"Saint-Michel Notre-Dame";"48.853023793740164, 2.344959780029387";"07:21";"0.804"
"C";"0";"Saint-Michel Notre-Dame";"48.853023793740164, 2.344959780029387";"Musée d'Orsay";"48.860365575927474, 2.326623034830927";"04:00";"0.524"
"C";"0";"Musée d'Orsay";"48.860365575927474, 2.326623034830927";"Invalides";"48.8627130056211, 2.3126576509104404";"01:10";"0.289"
"C";"0";"Massy - Palaiseau";"48.72551907437078, 2.2587677282577334";"Massy - Verrières";"48.73498926809152, 2.2739511484048442";"04:04";"0.53"
"C";"0";"Massy - Verrières";"48.73498926809152, 2.2739511484048442";"Chemin d'Antony";"48.747936542587276, 2.3126496863919335";"06:40";"0.747"
"C";"0";"Chemin d'Antony";"48.747936542587276, 2.3126496863919335";"Rungis la Fraternelle";"48.74021613668418, 2.3521980873905326";"03:28";"0.481"
"C";"0";"Rungis la Fraternelle";"48.74021613668418, 2.3521980873905326";"Pont de Rungis Aéroport d'Orly";"48.74834625868034, 2.373209854795934";"03:18";"0.466"
"C";"0";"Pont de Rungis Aéroport d'Orly";"48.74834625868034, 2.373209854795934";"Orly Ville";"48.74163230680523, 2.4030548924063897";"02:36";"0.409"
"C";"0";"Orly Ville";"48.74163230680523, 2.4030548924063897";"Les Saules";"48.74520105223681, 2.4174549898851208";"00:16";"0.213"
"C";"0";"Les Saules";"48.74520105223681, 2.4174549898851208";"Choisy-le-Roi";"48.76387977763339, 2.411287538155699";"10:10";"1.039"
"C";"0";"Choisy-le-Roi";"48.76387977763339, 2.411287538155699";"Les Ardoines";"48.78248922625494, 2.409587305033223";"10:07";"1.035"
"C";"0";"Les Ardoines";"48.78248922625494, 2.409587305033223";"Vitry-sur-Seine";"48.80028105254759, 2.40269438767449";"09:36";"0.992"
"C";"0";"Vitry-sur-Seine";"48.80028105254759, 2.40269438767449";"Ivry-sur-Seine";"48.8139591342409, 2.391677280020743";"06:59";"0.773"
"C";"0";"Ivry-sur-Seine";"48.8139591342409, 2.391677280020743";"Bibliothèque François Mitterrand";"48.8288801225864, 2.377758552865005";"07:56";"0.852"
"C";"0";"Invalides";"48.8627130056211, 2.3126576509104404";"Pont de l'Alma";"48.86247496310803, 2.3003592740110994";"00:27";"0.229"
"C";"0";"Pont de l'Alma";"48.86247496310803, 2.3003592740110994";"Champ de Mars Tour Eiffel";"48.8564765666592, 2.2896562493865478";"02:20";"0.386"
"C";"0";"Champ de Mars Tour Eiffel";"48.8564765666592, 2.2896562493865478";"Avenue du Président Kennedy Maison de Radio France";"48.85352548506894, 2.279679454187814";"00:36";"0.241"
"C";"0";"Avenue du Président Kennedy Maison de Radio France";"48.85352548506894, 2.279679454187814";"Boulainvilliers";"48.856981095562965, 2.274806827480264";"00:14";"0.211"
"C";"0";"Boulainvilliers";"48.856981095562965, 2.274806827480264";"Avenue Henri Martin";"48.86545537297977, 2.2722351438875577";"03:23";"0.473"
"C";"0";"Avenue Henri Martin";"48.86545537297977, 2.2722351438875577";"Avenue Foch";"48.86985281215763, 2.2747712644338454";"00:42";"0.249"
"C";"0";"Avenue Foch";"48.86985281215763, 2.2747712644338454";"Neuilly Porte Maillot";"48.878347804048644, 2.284217509613705";"03:48";"0.508"
"C";"0";"Neuilly Porte Maillot";"48.878347804048644, 2.284217509613705";"Péreire Levallois";"48.88602700780433, 2.2992286819828145";"04:03";"0.528"
"C";"0";"Péreire Levallois";"48.88602700780433, 2.2992286819828145";"Porte de Clichy";"48.894262568309564, 2.3159411535514716";"04:42";"0.583"
"C";"0";"Porte de Clichy";"48.894262568309564, 2.3159411535514716";"Saint-Ouen";"48.90456082213364, 2.322694729473372";"04:49";"0.592"
"C";"0";"Saint-Ouen";"48.90456082213364, 2.322694729473372";"Les Grésillons";"48.9206901983449, 2.313901968217972";"08:45";"0.921"
"C";"0";"Les Grésillons";"48.9206901983449, 2.313901968217972";"Gennevilliers";"48.93282405536431, 2.307982254553742";"06:00";"0.691"
"C";"0";"Gennevilliers";"48.93282405536431, 2.307982254553742";"Épinay-sur-Seine";"48.95382604164122, 2.302388375122374";"11:50";"1.177"
"C";"0";"Épinay-sur-Seine";"48.95382604164122, 2.302388375122374";"Saint-Gratien";"48.963658273529425, 2.285777828585351";"06:27";"0.729"
"C";"0";"Saint-Gratien";"48.963658273529425, 2.285777828585351";"Ermont - Eaubonne";"48.98049890628609, 2.2707541014797794";"10:12";"1.042"
"C";"0";"Ermont - Eaubonne";"48.98049890628609, 2.2707541014797794";"Cernay";"48.985149200200375, 2.257017857907824";"03:46";"0.505"
"C";"0";"Cernay";"48.985149200200375, 2.257017857907824";"Franconville - Le Plessis-Bouchard";"48.99374640051787, 2.2341907839306554";"08:15";"0.879"
"C";"0";"Franconville - Le Plessis-Bouchard";"48.99374640051787, 2.2341907839306554";"Montigny - Beauchamp";"49.007744118117, 2.1965151756043033";"15:30";"1.482"
"C";"0";"Montigny - Beauchamp";"49.007744118117, 2.1965151756043033";"Pierrelaye";"49.01917957374756, 2.1545313948758564";"16:51";"1.595"
"C";"0";"Pierrelaye";"49.01917957374756, 2.1545313948758564";"Saint-Ouen-l'Aumône Liesse";"49.0341234164973, 2.128124092657316";"12:54";"1.267"
"C";"0";"Saint-Ouen-l'Aumône Liesse";"49.0341234164973, 2.128124092657316";"Saint-Ouen-l'Aumône";"49.04530690087292, 2.105230857870794";"10:27";"1.062"
"C";"0";"Saint-Ouen-l'Aumône";"49.04530690087292, 2.105230857870794";"Pontoise";"49.04673337596684, 2.0957859968423524";"02:09";"0.37"
"C";"1";"Montigny - Beauchamp";"49.007744118117, 2.1965151756043033";"Franconville - Le Plessis-Bouchard";"48.99374640051787, 2.2341907839306554";"15:30";"1.482"
"C";"1";"Franconville - Le Plessis-Bouchard";"48.99374640051787, 2.2341907839306554";"Cernay";"48.985149200200375, 2.257017857907824";"08:15";"0.879"
"C";"1";"Cernay";"48.985149200200375, 2.257017857907824";"Ermont - Eaubonne";"48.98049890628609, 2.2707541014797794";"03:46";"0.505"
"C";"1";"Ermont - Eaubonne";"48.98049890628609, 2.2707541014797794";"Saint-Gratien";"48.963658273529425, 2.285777828585351";"10:12";"1.042"
"C";"1";"Saint-Gratien";"48.963658273529425, 2.285777828585351";"Épinay-sur-Seine";"48.95382604164122, 2.302388375122374";"06:27";"0.729"
"C";"1";"Épinay-sur-Seine";"48.95382604164122, 2.302388375122374";"Gennevilliers";"48.93282405536431, 2.307982254553742";"11:50";"1.177"
"C";"1";"Gennevilliers";"48.93282405536431, 2.307982254553742";"Les Grésillons";"48.9206901983449, 2.313901968217972";"06:00";"0.691"
"C";"1";"Les Grésillons";"48.9206901983449, 2.313901968217972";"Saint-Ouen";"48.90456082213364, 2.322694729473372";"08:45";"0.921"
"C";"1";"Saint-Ouen";"48.90456082213364, 2.322694729473372";"Porte de Clichy";"48.894262568309564, 2.3159411535514716";"04:49";"0.592"
"C";"1";"Porte de Clichy";"48.894262568309564, 2.3159411535514716";"Péreire Levallois";"48.88602700780433, 2.2992286819828145";"04:42";"0.583"
"C";"1";"Péreire Levallois";"48.88602700780433, 2.2992286819828145";"Neuilly Porte Maillot";"48.878347804048644, 2.284217509613705";"04:03";"0.528"
"C";"1";"Neuilly Porte Maillot";"48.878347804048644, 2.284217509613705";"Avenue Foch";"48.86985281215763, 2.2747712644338454";"03:48";"0.508"
"C";"1";"Avenue Foch";"48.86985281215763, 2.2747712644338454";"Avenue Henri Martin";"48.86545537297977, 2.2722351438875577";"00:42";"0.249"
"C";"1";"Avenue Henri Martin";"48.86545537297977, 2.2722351438875577";"Boulainvilliers";"48.856981095562965, 2.274806827480264";"03:23";"0.473"
"C";"1";"Boulainvilliers";"48.856981095562965, 2.274806827480264";"Avenue du Président Kennedy Maison de Radio France";"48.85352548506894, 2.279679454187814";"00:14";"0.211"
"C";"1";"Avenue du Président Kennedy Maison de Radio France";"48.85352548506894, 2.279679454187814";"Champ de Mars Tour Eiffel";"48.8564765666592, 2.2896562493865478";"00:36";"0.241"
"C";"1";"Champ de Mars Tour Eiffel";"48.8564765666592, 2.2896562493865478";"Pont de l'Alma";"48.86247496310803, 2.3003592740110994";"02:20";"0.386"
"C";"1";"Pont de l'Alma";"48.86247496310803, 2.3003592740110994";"Invalides";"48.8627130056211, 2.3126576509104404";"00:27";"0.229"
"C";"1";"Invalides";"48.8627130056211, 2.3126576509104404";"Musée d'Orsay";"48.860365575927474, 2.326623034830927";"01:10";"0.289"
"C";"1";"Musée d'Orsay";"48.860365575927474, 2.326623034830927";"Saint-Michel Notre-Dame";"48.853023793740164, 2.344959780029387";"04:00";"0.524"
"C";"1";"Saint-Michel Notre-Dame";"48.853023793740164, 2.344959780029387";"Gare d'Austerlitz";"48.84032035638395, 2.367818767583529";"07:21";"0.804"
"C";"1";"Gare d'Austerlitz";"48.84032035638395, 2.367818767583529";"Bibliothèque François Mitterrand";"48.8288801225864, 2.377758552865005";"05:33";"0.654"
"C";"1";"Bibliothèque François Mitterrand";"48.8288801225864, 2.377758552865005";"Ivry-sur-Seine";"48.8139591342409, 2.391677280020743";"07:56";"0.852"
"C";"1";"Ivry-sur-Seine";"48.8139591342409, 2.391677280020743";"Vitry-sur-Seine";"48.80028105254759, 2.40269438767449";"06:59";"0.773"
"C";"1";"Vitry-sur-Seine";"48.80028105254759, 2.40269438767449";"Les Ardoines";"48.78248922625494, 2.409587305033223";"09:36";"0.992"
"C";"1";"Les Ardoines";"48.78248922625494, 2.409587305033223";"Choisy-le-Roi";"48.76387977763339, 2.411287538155699";"10:07";"1.035"
"C";"1";"Choisy-le-Roi";"48.76387977763339, 2.411287538155699";"Les Saules";"48.74520105223681, 2.4174549898851208";"10:10";"1.039"
"C";"1";"Les Saules";"48.74520105223681, 2.4174549898851208";"Orly Ville";"48.74163230680523, 2.4030548924063897";"00:16";"0.213"
"C";"1";"Orly Ville";"48.74163230680523, 2.4030548924063897";"Pont de Rungis Aéroport d'Orly";"48.74834625868034, 2.373209854795934";"02:36";"0.409"
"C";"0";"Saint-Quentin en Yvelines - Montigny-le-Bretonneux";"48.78748491597792, 2.044615988930814";"Saint-Cyr";"48.79877460471833, 2.072712440765476";"06:05";"0.698"
"C";"0";"Saint-Cyr";"48.79877460471833, 2.072712440765476";"Versailles Chantiers";"48.79526039893613, 2.1349078603373464";"06:30";"0.733"
"C";"0";"Versailles Chantiers";"48.79526039893613, 2.1349078603373464";"Viroflay Rive Gauche";"48.800665521455045, 2.17158260741522";"03:54";"0.517"
"C";"0";"Viroflay Rive Gauche";"48.800665521455045, 2.17158260741522";"Chaville - Vélizy";"48.79968116446791, 2.1834187943404744";"00:04";"0.149"
"C";"0";"Chaville - Vélizy";"48.79968116446791, 2.1834187943404744";"Meudon Val Fleury";"48.807552358196936, 2.2409419171683633";"07:33";"0.821"
"C";"0";"Meudon Val Fleury";"48.807552358196936, 2.2409419171683633";"Issy";"48.81933737870203, 2.257883547622023";"06:00";"0.692"
"C";"0";"Issy";"48.81933737870203, 2.257883547622023";"Issy Val de Seine";"48.83050964570215, 2.2640113460455353";"05:14";"0.627"
"C";"0";"Issy Val de Seine";"48.83050964570215, 2.2640113460455353";"Pont du Garigliano - Hôpital Européen G. Pompidou";"48.83888336270874, 2.2704701876900395";"03:25";"0.476"
"C";"0";"Pont du Garigliano - Hôpital Européen G. Pompidou";"48.83888336270874, 2.2704701876900395";"Javel";"48.84716158046345, 2.27803679359566";"03:25";"0.477"
"C";"0";"Javel";"48.84716158046345, 2.27803679359566";"Champ de Mars Tour Eiffel";"48.8564765666592, 2.2896562493865478";"04:22";"0.556"
"C";"2";"Bibliothèque François Mitterrand";"48.8288801225864, 2.377758552865005";"Juvisy";"48.68970940912314, 2.383334629403869";"90:32";"7.736"
"C";"1";"Juvisy";"48.68970940912314, 2.383334629403869";"Brétigny";"48.60664906621052, 2.3019573828860596";"53:09";"4.621"
"C";"1";"Brétigny";"48.60664906621052, 2.3019573828860596";"La Norville - Saint-Germain-lès-Arpajon";"48.59111916474817, 2.266215906699314";"09:01";"0.943"
"C";"1";"La Norville - Saint-Germain-lès-Arpajon";"48.59111916474817, 2.266215906699314";"Arpajon";"48.58599680822646, 2.2412169696111426";"02:37";"0.41"
"C";"1";"Arpajon";"48.58599680822646, 2.2412169696111426";"Égly";"48.582715781664064, 2.2234625238542307";"01:07";"0.284"
"C";"1";"Égly";"48.582715781664064, 2.2234625238542307";"Breuillet - Bruyères-le-Châtel";"48.57760979436327, 2.1922487394356454";"03:33";"0.488"
"C";"1";"Breuillet - Bruyères-le-Châtel";"48.57760979436327, 2.1922487394356454";"Breuillet Village";"48.56433413404574, 2.170354257290333";"07:16";"0.797"
"C";"1";"Breuillet Village";"48.56433413404574, 2.170354257290333";"Saint-Chéron";"48.550937745357075, 2.1249767315730463";"09:52";"1.014"
"C";"1";"Saint-Chéron";"48.550937745357075, 2.1249767315730463";"Sermaise";"48.535687624993614, 2.069088468619773";"12:51";"1.263"
"C";"1";"Sermaise";"48.535687624993614, 2.069088468619773";"Dourdan";"48.53376051220457, 2.008756915662106";"10:35";"1.074"
"C";"0";"Versailles Château Rive Gauche";"48.79991350059487, 2.130150772175517";"Porchefontaine";"48.79654475986442, 2.1522340489858127";"01:29";"0.315"
"C";"0";"Porchefontaine";"48.79654475986442, 2.1522340489858127";"Viroflay Rive Gauche";"48.800665521455045, 2.17158260741522";"01:32";"0.32"
"C";"3";"Bibliothèque François Mitterrand";"48.8288801225864, 2.377758552865005";"Choisy-le-Roi";"48.76387977763339, 2.411287538155699";"41:17";"3.631"
"C";"2";"Choisy-le-Roi";"48.76387977763339, 2.411287538155699";"Villeneuve-le-Roi";"48.73968685807613, 2.426423645047488";"13:53";"1.348"
"C";"0";"Villeneuve-le-Roi";"48.73968685807613, 2.426423645047488";"Ablon";"48.72578126379895, 2.4198671478914595";"06:59";"0.773"
"C";"0";"Ablon";"48.72578126379895, 2.4198671478914595";"Athis-Mons";"48.71266832171659, 2.403668724287269";"06:28";"0.73"
"C";"0";"Athis-Mons";"48.71266832171659, 2.403668724287269";"Juvisy";"48.68970940912314, 2.383334629403869";"13:01";"1.276"
"C";"0";"Saint-Martin d'Étampes";"48.42748765080825, 2.145258831307165";"Étampes";"48.437062675829104, 2.159819133907717";"05:50";"0.678"
"C";"0";"Étampes";"48.437062675829104, 2.159819133907717";"Étréchy";"48.49387742150091, 2.1947692381982216";"37:02";"3.277"
"C";"0";"Étréchy";"48.49387742150091, 2.1947692381982216";"Gare de Chamarande";"48.51405318948937, 2.2151562718541644";"12:07";"1.201"
"C";"0";"Gare de Chamarande";"48.51405318948937, 2.2151562718541644";"Lardy";"48.520620553497956, 2.255014220399748";"08:03";"0.863"
"C";"0";"Lardy";"48.520620553497956, 2.255014220399748";"Bouray";"48.53290340283496, 2.2900778137432436";"09:02";"0.943"
"C";"0";"Bouray";"48.53290340283496, 2.2900778137432436";"Marolles-en-Hurepoix";"48.56564453550255, 2.290908349251896";"19:33";"1.82"
"C";"0";"Marolles-en-Hurepoix";"48.56564453550255, 2.290908349251896";"Brétigny";"48.60664906621052, 2.3019573828860596";"25:06";"2.283"
"C";"2";"Champ de Mars Tour Eiffel";"48.8564765666592, 2.2896562493865478";"Javel";"48.84716158046345, 2.27803679359566";"04:22";"0.556"
"C";"1";"Javel";"48.84716158046345, 2.27803679359566";"Pont du Garigliano - Hôpital Européen G. Pompidou";"48.83888336270874, 2.2704701876900395";"03:25";"0.477"
"C";"1";"Pont du Garigliano - Hôpital Européen G. Pompidou";"48.83888336270874, 2.2704701876900395";"Issy Val de Seine";"48.83050964570215, 2.2640113460455353";"03:25";"0.476"
"C";"1";"Issy Val de Seine";"48.83050964570215, 2.2640113460455353";"Issy";"48.81933737870203, 2.257883547622023";"05:14";"0.627"
"C";"1";"Issy";"48.81933737870203, 2.257883547622023";"Meudon Val Fleury";"48.807552358196936, 2.2409419171683633";"06:00";"0.692"
"C";"1";"Meudon Val Fleury";"48.807552358196936, 2.2409419171683633";"Chaville - Vélizy";"48.79968116446791, 2.1834187943404744";"07:33";"0.821"
"C";"1";"Chaville - Vélizy";"48.79968116446791, 2.1834187943404744";"Viroflay Rive Gauche";"48.800665521455045, 2.17158260741522";"00:04";"0.149"
"C";"1";"Viroflay Rive Gauche";"48.800665521455045, 2.17158260741522";"Versailles Chantiers";"48.79526039893613, 2.1349078603373464";"03:54";"0.517"
"C";"1";"Versailles Chantiers";"48.79526039893613, 2.1349078603373464";"Saint-Cyr";"48.79877460471833, 2.072712440765476";"06:30";"0.733"
"C";"1";"Saint-Cyr";"48.79877460471833, 2.072712440765476";"Saint-Quentin en Yvelines - Montigny-le-Bretonneux";"48.78748491597792, 2.044615988930814";"06:05";"0.698"
"C";"3";"Choisy-le-Roi";"48.76387977763339, 2.411287538155699";"Juvisy";"48.68970940912314, 2.383334629403869";"47:11";"4.123"
"C";"2";"Juvisy";"48.68970940912314, 2.383334629403869";"Savigny-sur-Orge";"48.67639468866699, 2.3523541804056833";"06:36";"0.741"
"C";"1";"Savigny-sur-Orge";"48.67639468866699, 2.3523541804056833";"Épinay-sur-Orge";"48.6693475106473, 2.332043500451718";"02:26";"0.395"
"C";"1";"Épinay-sur-Orge";"48.6693475106473, 2.332043500451718";"Sainte-Geneviève-des-Bois";"48.65295347339147, 2.3129608959702024";"08:40";"0.914"
"C";"1";"Sainte-Geneviève-des-Bois";"48.65295347339147, 2.3129608959702024";"Saint-Michel-sur-Orge";"48.635615525211605, 2.3068029676156123";"09:17";"0.964"
"C";"1";"Saint-Michel-sur-Orge";"48.635615525211605, 2.3068029676156123";"Brétigny";"48.60664906621052, 2.3019573828860596";"17:02";"1.611"
"C";"1";"Dourdan";"48.53376051220457, 2.008756915662106";"Dourdan la Forêt";"48.53542058733677, 1.996005688002604";"00:38";"0.244"
"C";"2";"Brétigny";"48.60664906621052, 2.3019573828860596";"Marolles-en-Hurepoix";"48.56564453550255, 2.290908349251896";"25:06";"2.283"
"C";"1";"Marolles-en-Hurepoix";"48.56564453550255, 2.290908349251896";"Bouray";"48.53290340283496, 2.2900778137432436";"19:33";"1.82"
"C";"1";"Bouray";"48.53290340283496, 2.2900778137432436";"Lardy";"48.520620553497956, 2.255014220399748";"09:02";"0.943"
"C";"1";"Lardy";"48.520620553497956, 2.255014220399748";"Gare de Chamarande";"48.51405318948937, 2.2151562718541644";"08:03";"0.863"
"C";"1";"Gare de Chamarande";"48.51405318948937, 2.2151562718541644";"Étréchy";"48.49387742150091, 2.1947692381982216";"12:07";"1.201"
"C";"1";"Étréchy";"48.49387742150091, 2.1947692381982216";"Étampes";"48.437062675829104, 2.159819133907717";"37:02";"3.277"
"C";"1";"Étampes";"48.437062675829104, 2.159819133907717";"Saint-Martin d'Étampes";"48.42748765080825, 2.145258831307165";"05:50";"0.678"
"C";"3";"Juvisy";"48.68970940912314, 2.383334629403869";"Choisy-le-Roi";"48.76387977763339, 2.411287538155699";"47:11";"4.123"
"C";"4";"Choisy-le-Roi";"48.76387977763339, 2.411287538155699";"Vitry-sur-Seine";"48.80028105254759, 2.40269438767449";"22:00";"2.025"
"C";"4";"Juvisy";"48.68970940912314, 2.383334629403869";"Athis-Mons";"48.71266832171659, 2.403668724287269";"13:01";"1.276"
"C";"1";"Athis-Mons";"48.71266832171659, 2.403668724287269";"Ablon";"48.72578126379895, 2.4198671478914595";"06:28";"0.73"
"C";"1";"Ablon";"48.72578126379895, 2.4198671478914595";"Villeneuve-le-Roi";"48.73968685807613, 2.426423645047488";"06:59";"0.773"
"C";"1";"Villeneuve-le-Roi";"48.73968685807613, 2.426423645047488";"Choisy-le-Roi";"48.76387977763339, 2.411287538155699";"13:53";"1.348"
"C";"2";"Les Ardoines";"48.78248922625494, 2.409587305033223";"Bibliothèque François Mitterrand";"48.8288801225864, 2.377758552865005";"28:59";"2.607"
"C";"2";"Viroflay Rive Gauche";"48.800665521455045, 2.17158260741522";"Porchefontaine";"48.79654475986442, 2.1522340489858127";"01:32";"0.32"
"C";"1";"Porchefontaine";"48.79654475986442, 2.1522340489858127";"Versailles Château Rive Gauche";"48.79991350059487, 2.130150772175517";"01:29";"0.315"
"C";"0";"Pontoise";"49.04673337596684, 2.0957859968423524";"Saint-Ouen-l'Aumône";"49.04530690087292, 2.105230857870794";"02:09";"0.37"
"C";"1";"Saint-Ouen-l'Aumône";"49.04530690087292, 2.105230857870794";"Saint-Ouen-l'Aumône Liesse";"49.0341234164973, 2.128124092657316";"10:27";"1.062"
"C";"1";"Saint-Ouen-l'Aumône Liesse";"49.0341234164973, 2.128124092657316";"Pierrelaye";"49.01917957374756, 2.1545313948758564";"12:54";"1.267"
"C";"1";"Pierrelaye";"49.01917957374756, 2.1545313948758564";"Montigny - Beauchamp";"49.007744118117, 2.1965151756043033";"16:51";"1.595"
"C";"1";"Pont de Rungis Aéroport d'Orly";"48.74834625868034, 2.373209854795934";"Rungis la Fraternelle";"48.74021613668418, 2.3521980873905326";"03:18";"0.466"
"C";"1";"Rungis la Fraternelle";"48.74021613668418, 2.3521980873905326";"Chemin d'Antony";"48.747936542587276, 2.3126496863919335";"03:28";"0.481"
"C";"1";"Chemin d'Antony";"48.747936542587276, 2.3126496863919335";"Massy - Verrières";"48.73498926809152, 2.2739511484048442";"06:40";"0.747"
"C";"1";"Massy - Verrières";"48.73498926809152, 2.2739511484048442";"Massy - Palaiseau";"48.72551907437078, 2.2587677282577334";"04:04";"0.53"
"C";"0";"Dourdan la Forêt";"48.53542058733677, 1.996005688002604";"Dourdan";"48.53376051220457, 2.008756915662106";"00:38";"0.244"
"C";"5";"Choisy-le-Roi";"48.76387977763339, 2.411287538155699";"Bibliothèque François Mitterrand";"48.8288801225864, 2.377758552865005";"41:17";"3.631"
"C";"1";"Massy - Palaiseau";"48.72551907437078, 2.2587677282577334";"Igny";"48.74084886110891, 2.230807643224045";"08:02";"0.86"
"C";"0";"Igny";"48.74084886110891, 2.230807643224045";"Bièvres";"48.75087243760775, 2.2161603396773564";"04:28";"0.563"
"C";"0";"Bièvres";"48.75087243760775, 2.2161603396773564";"Vauboyen";"48.75897132762851, 2.1925522822775045";"03:26";"0.477"
"C";"0";"Vauboyen";"48.75897132762851, 2.1925522822775045";"Jouy-en-Josas";"48.764760068378486, 2.1644478368550066";"02:19";"0.384"
"C";"0";"Jouy-en-Josas";"48.764760068378486, 2.1644478368550066";"Petit Jouy Les Loges";"48.77123768805397, 2.1468519693445356";"02:21";"0.387"
"C";"0";"Petit Jouy Les Loges";"48.77123768805397, 2.1468519693445356";"Versailles Chantiers";"48.79526039893613, 2.1349078603373464";"13:47";"1.34"
"C";"4";"Bibliothèque François Mitterrand";"48.8288801225864, 2.377758552865005";"Les Ardoines";"48.78248922625494, 2.409587305033223";"28:59";"2.607"
"C";"3";"Brétigny";"48.60664906621052, 2.3019573828860596";"Juvisy";"48.68970940912314, 2.383334629403869";"53:09";"4.621"
"C";"4";"Brétigny";"48.60664906621052, 2.3019573828860596";"Épinay-sur-Orge";"48.6693475106473, 2.332043500451718";"39:34";"3.489"
"C";"2";"Versailles Chantiers";"48.79526039893613, 2.1349078603373464";"Petit Jouy Les Loges";"48.77123768805397, 2.1468519693445356";"13:47";"1.34"
"C";"1";"Petit Jouy Les Loges";"48.77123768805397, 2.1468519693445356";"Jouy-en-Josas";"48.764760068378486, 2.1644478368550066";"02:21";"0.387"
"C";"1";"Jouy-en-Josas";"48.764760068378486, 2.1644478368550066";"Vauboyen";"48.75897132762851, 2.1925522822775045";"02:19";"0.384"
"C";"1";"Vauboyen";"48.75897132762851, 2.1925522822775045";"Bièvres";"48.75087243760775, 2.2161603396773564";"03:26";"0.477"
"C";"1";"Bièvres";"48.75087243760775, 2.2161603396773564";"Igny";"48.74084886110891, 2.230807643224045";"04:28";"0.563"
"C";"1";"Igny";"48.74084886110891, 2.230807643224045";"Massy - Palaiseau";"48.72551907437078, 2.2587677282577334";"08:02";"0.86"
"1514";"0";"Gare d'Enghien-les-Bains";"48.97242920023611, 2.3073593959501006";"Beauséjour";"48.97537519234974, 2.3005445190655127";"00:53";"0.265"
"1514";"0";"Beauséjour";"48.97537519234974, 2.3005445190655127";"Lycée d'Enghien";"48.97407406795964, 2.294879387248112";"00:06";"0.189"
"1514";"0";"Lycée d'Enghien";"48.97407406795964, 2.294879387248112";"Avenue Mathilde";"48.975119260004206, 2.2921740954376073";"00:02";"0.101"
"1514";"0";"Avenue Mathilde";"48.975119260004206, 2.2921740954376073";"Gare de Champ de Courses d'Enghien";"48.980778216214865, 2.292620278998685";"01:29";"0.315"
"1514";"0";"Gare de Champ de Courses d'Enghien";"48.980778216214865, 2.292620278998685";"Gendarmerie";"48.98324052186195, 2.293866950582809";"00:03";"0.142"
"1514";"0";"Gendarmerie";"48.98324052186195, 2.293866950582809";"Bonne Auberge";"48.986707577362786, 2.2962382823890177";"00:11";"0.207"
"1514";"0";"Bonne Auberge";"48.986707577362786, 2.2962382823890177";"Les Tourelles";"48.98999787409093, 2.291493172450369";"00:34";"0.238"
"1514";"0";"Les Tourelles";"48.98999787409093, 2.291493172450369";"Mont d'Eaubonne";"48.99142426960526, 2.2878798899802626";"00:03";"0.141"
"1514";"0";"Mont d'Eaubonne";"48.99142426960526, 2.2878798899802626";"Bois Jacques";"48.99234291427155, 2.285093302524838";"00:02";"0.104"
"1514";"0";"Bois Jacques";"48.99234291427155, 2.285093302524838";"Tilleuls";"48.992629936351925, 2.2804568867366504";"00:04";"0.152"
"1514";"0";"Tilleuls";"48.992629936351925, 2.2804568867366504";"Hôtel de Ville";"48.99095251746069, 2.2781571227661397";"00:03";"0.12"
"1514";"0";"Hôtel de Ville";"48.99095251746069, 2.2781571227661397";"Jeanne d'Arc";"48.98910494661554, 2.2744934598763464";"00:04";"0.157"
"1514";"0";"Jeanne d'Arc";"48.98910494661554, 2.2744934598763464";"La Sablière";"48.98765206898824, 2.2736529245461576";"00:02";"0.085"
"1514";"0";"La Sablière";"48.98765206898824, 2.2736529245461576";"Chaussée Jules César";"48.985370947963986, 2.2726600672547663";"00:03";"0.131"
"1514";"0";"Chaussée Jules César";"48.985370947963986, 2.2726600672547663";"Gare d'Ermont-Eaubonne";"48.98013760241501, 2.2712305040208522";"01:14";"0.294"
"1514";"0";"Gare d'Ermont-Eaubonne";"48.98007167112257, 2.2707396033206386";"Chaussée Jules César";"48.98512825321557, 2.2726771270994903";"01:09";"0.288"
"1514";"0";"Chaussée Jules César";"48.98512825321557, 2.2726771270994903";"La Sablière";"48.987301142816584, 2.2736168384290876";"00:03";"0.124"
"1514";"0";"La Sablière";"48.987301142816584, 2.2736168384290876";"Jeanne d'Arc";"48.98983451771405, 2.276177655643074";"00:04";"0.163"
"1514";"0";"Jeanne d'Arc";"48.98983451771405, 2.276177655643074";"Hôtel de Ville";"48.991280902265046, 2.2789314514284738";"00:03";"0.12"
"1514";"0";"Hôtel de Ville";"48.991280902265046, 2.2789314514284738";"Tilleuls";"48.99311157401489, 2.2812974608699625";"00:03";"0.128"
"1514";"0";"Tilleuls";"48.99311157401489, 2.2812974608699625";"Bois Jacques";"48.992243028361635, 2.2849306969458314";"00:03";"0.128"
"1514";"0";"Bois Jacques";"48.992243028361635, 2.2849306969458314";"Mont d'Eaubonne";"48.99131588230435, 2.2877993869469853";"00:02";"0.107"
"1514";"0";"Mont d'Eaubonne";"48.99131588230435, 2.2877993869469853";"Les Tourelles";"48.99036947156027, 2.2904632693015605";"00:02";"0.101"
"1514";"0";"Les Tourelles";"48.99036947156027, 2.2904632693015605";"Bonne Auberge";"48.98676843555087, 2.295882206391475";"00:53";"0.266"
"1514";"0";"Bonne Auberge";"48.98676843555087, 2.295882206391475";"Gendarmerie";"48.98369115705478, 2.294038443100423";"00:05";"0.181"
"1514";"0";"Gendarmerie";"48.98369115705478, 2.294038443100423";"Gare de Champ de Courses d'Enghien";"48.98033984058703, 2.2922409813648748";"00:06";"0.195"
"1514";"0";"Gare de Champ de Courses d'Enghien";"48.98033984058703, 2.2922409813648748";"Avenue Mathilde";"48.9747014756542, 2.292999406492068";"01:29";"0.314"
"1514";"0";"Avenue Mathilde";"48.9747014756542, 2.292999406492068";"Lycée d'Enghien";"48.973948021041835, 2.2948537767678125";"00:01";"0.071"
"1514";"0";"Lycée d'Enghien";"48.973948021041835, 2.2948537767678125";"Beauséjour";"48.97586465459737, 2.30120730477129";"00:22";"0.223"
"1514";"0";"Beauséjour";"48.97586465459737, 2.30120730477129";"Gare d'Enghien-les-Bains";"48.973457743604655, 2.3063894895425485";"00:12";"0.208"
"14";"0";"Olympiades";"48.826944155043044, 2.367034270941924";"Bibliothèque François Mitterrand";"48.829925765928905, 2.376487371168301";"00:19";"0.217"
"14";"0";"Bibliothèque François Mitterrand";"48.829925765928905, 2.376487371168301";"Cour Saint-Emilion";"48.833319303843425, 2.386617850214058";"00:37";"0.243"
"14";"0";"Cour Saint-Emilion";"48.833319303843425, 2.386617850214058";"Bercy";"48.84014763512746, 2.3791909087742873";"02:28";"0.397"
"14";"0";"Bercy";"48.84014763512746, 2.3791909087742873";"Gare de Lyon";"48.8442498880687, 2.372519782814122";"00:44";"0.253"
"14";"0";"Gare de Lyon";"48.8442498880687, 2.372519782814122";"Châtelet";"48.859556532726764, 2.346411849769497";"09:17";"0.964"
"14";"0";"Châtelet";"48.859556532726764, 2.346411849769497";"Pyramides";"48.86580563193237, 2.3347388358754153";"02:37";"0.41"
"14";"0";"Pyramides";"48.86580563193237, 2.3347388358754153";"Madeleine";"48.870630484228144, 2.3258757399808627";"01:31";"0.318"
"14";"0";"Madeleine";"48.870630484228144, 2.3258757399808627";"Saint-Lazare";"48.87560743718584, 2.324122029700433";"01:03";"0.279"
"14";"0";"Saint-Lazare";"48.87560743718584, 2.324122029700433";"Pont Cardinet";"48.88810340364297, 2.3153681405051527";"06:19";"0.718"
"14";"0";"Pont Cardinet";"48.88810340364297, 2.3153681405051527";"Porte de Clichy";"48.894333484274206, 2.313404000186253";"01:53";"0.349"
"14";"0";"Porte de Clichy";"48.894333484274206, 2.313404000186253";"Saint-Ouen";"48.90516956991565, 2.3227559546697414";"05:22";"0.638"
"14";"0";"Saint-Ouen";"48.90516956991565, 2.3227559546697414";"Mairie de Saint-Ouen";"48.91164217552501, 2.3335458072132695";"03:00";"0.441"
"14";"0";"Mairie de Saint-Ouen";"48.91170451534923, 2.333435858789529";"Saint-Ouen";"48.90521399238465, 2.3226598821131716";"03:00";"0.441"
"14";"0";"Saint-Ouen";"48.90521399238465, 2.3226598821131716";"Porte de Clichy";"48.89428867785142, 2.313431869544054";"05:25";"0.642"
"14";"0";"Porte de Clichy";"48.89428867785142, 2.313431869544054";"Pont Cardinet";"48.888102389888395, 2.3151908648850013";"01:51";"0.346"
"14";"0";"Pont Cardinet";"48.888102389888395, 2.3151908648850013";"Saint-Lazare";"48.875660854671985, 2.3240258961246782";"06:17";"0.715"
"14";"0";"Saint-Lazare";"48.875660854671985, 2.3240258961246782";"Madeleine";"48.87054467671624, 2.3258100487932776";"01:09";"0.287"
"14";"0";"Madeleine";"48.87054467671624, 2.3258100487932776";"Pyramides";"48.865755527376756, 2.3346236060049232";"01:29";"0.315"
"14";"0";"Pyramides";"48.865755527376756, 2.3346236060049232";"Châtelet";"48.85951531585984, 2.346275248188987";"02:37";"0.409"
"14";"0";"Châtelet";"48.85951531585984, 2.346275248188987";"Gare de Lyon";"48.84467563174822, 2.373100581933962";"09:05";"0.948"
"14";"0";"Gare de Lyon";"48.84467563174822, 2.373100581933962";"Bercy";"48.84010199803391, 2.3790620152277233";"00:58";"0.272"
"14";"0";"Bercy";"48.84010199803391, 2.3790620152277233";"Cour Saint-Emilion";"48.83334999725014, 2.386464909364189";"02:25";"0.393"
"14";"0";"Cour Saint-Emilion";"48.83334999725014, 2.386464909364189";"Bibliothèque François Mitterrand";"48.830006377536904, 2.3764237443204546";"00:35";"0.24"
"14";"0";"Bibliothèque François Mitterrand";"48.830006377536904, 2.3764237443204546";"Olympiades";"48.827123441429386, 2.3669231215308075";"00:16";"0.213"
"H";"0";"Pontoise";"49.04673337596684, 2.0957859968423524";"Saint-Ouen-l'Aumône";"49.04530690087292, 2.105230857870794";"02:09";"0.37"
"H";"0";"Saint-Ouen-l'Aumône";"49.04530690087292, 2.105230857870794";"Saint-Ouen-l'Aumône Liesse";"49.0341234164973, 2.128124092657316";"10:27";"1.062"
"H";"0";"Saint-Ouen-l'Aumône Liesse";"49.0341234164973, 2.128124092657316";"Pierrelaye";"49.01917957374756, 2.1545313948758564";"12:54";"1.267"
"H";"0";"Pierrelaye";"49.01917957374756, 2.1545313948758564";"Montigny - Beauchamp";"49.007744118117, 2.1965151756043033";"16:51";"1.595"
"H";"0";"Montigny - Beauchamp";"49.007744118117, 2.1965151756043033";"Franconville - Le Plessis-Bouchard";"48.99374640051787, 2.2341907839306554";"15:30";"1.482"
"H";"0";"Franconville - Le Plessis-Bouchard";"48.99374640051787, 2.2341907839306554";"Cernay";"48.985149200200375, 2.257017857907824";"08:15";"0.879"
"H";"0";"Cernay";"48.985149200200375, 2.257017857907824";"Ermont - Eaubonne";"48.98049890628609, 2.2707541014797794";"03:46";"0.505"
"H";"0";"Ermont - Eaubonne";"48.98049890628609, 2.2707541014797794";"Enghien-les-Bains";"48.97288052394267, 2.3067933741682713";"12:01";"1.193"
"H";"0";"Enghien-les-Bains";"48.97288052394267, 2.3067933741682713";"Épinay - Villetaneuse";"48.95792884911306, 2.3287601965958715";"10:23";"1.057"
"H";"0";"Épinay - Villetaneuse";"48.95792884911306, 2.3287601965958715";"Gare du Nord";"48.88230685842714, 2.356693437528564";"48:49";"4.259"
"H";"0";"Gare du Nord";"48.88230685842714, 2.356693437528564";"Saint-Denis";"48.93482889939617, 2.345479004987329";"32:53";"2.931"
"H";"0";"Saint-Denis";"48.93482889939617, 2.345479004987329";"Épinay - Villetaneuse";"48.95792884911306, 2.3287601965958715";"14:05";"1.365"
"H";"1";"Épinay - Villetaneuse";"48.95792884911306, 2.3287601965958715";"Deuil - Montmagny";"48.975925703105524, 2.338131209772398";"10:10";"1.039"
"H";"0";"Deuil - Montmagny";"48.975925703105524, 2.338131209772398";"Groslay";"48.98436467954606, 2.3535217052321715";"05:46";"0.672"
"H";"0";"Groslay";"48.98436467954606, 2.3535217052321715";"Sarcelles - Saint-Brice";"48.99620491669132, 2.3686856352535353";"07:33";"0.821"
"H";"0";"Sarcelles - Saint-Brice";"48.99620491669132, 2.3686856352535353";"Groslay";"48.98436467954606, 2.3535217052321715";"07:33";"0.821"
"H";"1";"Groslay";"48.98436467954606, 2.3535217052321715";"Deuil - Montmagny";"48.975925703105524, 2.338131209772398";"05:46";"0.672"
"H";"1";"Deuil - Montmagny";"48.975925703105524, 2.338131209772398";"Épinay - Villetaneuse";"48.95792884911306, 2.3287601965958715";"10:10";"1.039"
"H";"2";"Épinay - Villetaneuse";"48.95792884911306, 2.3287601965958715";"Saint-Denis";"48.93482889939617, 2.345479004987329";"14:05";"1.365"
"H";"1";"Saint-Denis";"48.93482889939617, 2.345479004987329";"Gare du Nord";"48.88230685842714, 2.356693437528564";"32:53";"2.931"
"H";"3";"Épinay - Villetaneuse";"48.95792884911306, 2.3287601965958715";"La Barre Ormesson";"48.96628415206348, 2.3167036448125224";"04:43";"0.584"
"H";"0";"La Barre Ormesson";"48.96628415206348, 2.3167036448125224";"Enghien-les-Bains";"48.97288052394267, 2.3067933741682713";"03:23";"0.473"
"H";"1";"Enghien-les-Bains";"48.97288052394267, 2.3067933741682713";"Champ de Courses d'Enghien";"48.9796949197308, 2.291148632256432";"05:04";"0.614"
"H";"0";"Champ de Courses d'Enghien";"48.9796949197308, 2.291148632256432";"Ermont - Eaubonne";"48.98049890628609, 2.2707541014797794";"05:23";"0.64"
"H";"1";"Ermont - Eaubonne";"48.98049890628609, 2.2707541014797794";"Ermont Halte";"48.990533377371726, 2.26320025038274";"05:00";"0.608"
"H";"0";"Ermont Halte";"48.990533377371726, 2.26320025038274";"Gros Noyer Saint-Prix";"48.996079034066284, 2.2596836105712628";"01:39";"0.329"
"H";"0";"Gros Noyer Saint-Prix";"48.996079034066284, 2.2596836105712628";"Saint-Leu-la-Forêt";"49.01523840177278, 2.2428869689226687";"12:12";"1.209"
"H";"0";"Saint-Leu-la-Forêt";"49.01523840177278, 2.2428869689226687";"Vaucelles";"49.02172683988197, 2.2294526219892656";"04:52";"0.597"
"H";"0";"Vaucelles";"49.02172683988197, 2.2294526219892656";"Taverny";"49.024976382846596, 2.222287008769188";"01:29";"0.314"
"H";"0";"Taverny";"49.024976382846596, 2.222287008769188";"Bessancourt";"49.03527556641014, 2.2103009348975013";"06:22";"0.721"
"H";"0";"Bessancourt";"49.03527556641014, 2.2103009348975013";"Frépillon";"49.045277206622124, 2.197098920791642";"06:39";"0.746"
"H";"0";"Frépillon";"49.045277206622124, 2.197098920791642";"Méry-sur-Oise";"49.058277435287074, 2.1914182364676797";"06:46";"0.756"
"H";"0";"Méry-sur-Oise";"49.058277435287074, 2.1914182364676797";"Mériel";"49.07775311707399, 2.205438463461229";"12:23";"1.223"
"H";"0";"Mériel";"49.07775311707399, 2.205438463461229";"Valmondois";"49.09093718795672, 2.2019152338634327";"06:41";"0.748"
"H";"0";"Persan - Beaumont";"49.147582944600785, 2.2777997330536137";"Champagne-sur-Oise";"49.136089580289706, 2.242987667830016";"19:12";"1.791"
"H";"0";"Champagne-sur-Oise";"49.136089580289706, 2.242987667830016";"L'Isle-Adam - Parmain";"49.11454854558362, 2.209941858169547";"21:03";"1.945"
"H";"0";"L'Isle-Adam - Parmain";"49.11454854558362, 2.209941858169547";"Valmondois";"49.09093718795672, 2.2019152338634327";"14:01";"1.359"
"H";"0";"Valmondois";"49.09093718795672, 2.2019152338634327";"Mériel";"49.07775311707399, 2.205438463461229";"06:41";"0.748"
"H";"1";"Mériel";"49.07775311707399, 2.205438463461229";"Méry-sur-Oise";"49.058277435287074, 2.1914182364676797";"12:23";"1.223"
"H";"1";"Méry-sur-Oise";"49.058277435287074, 2.1914182364676797";"Frépillon";"49.045277206622124, 2.197098920791642";"06:46";"0.756"
"H";"1";"Frépillon";"49.045277206622124, 2.197098920791642";"Bessancourt";"49.03527556641014, 2.2103009348975013";"06:39";"0.746"
"H";"1";"Bessancourt";"49.03527556641014, 2.2103009348975013";"Taverny";"49.024976382846596, 2.222287008769188";"06:22";"0.721"
"H";"1";"Taverny";"49.024976382846596, 2.222287008769188";"Vaucelles";"49.02172683988197, 2.2294526219892656";"01:29";"0.314"
"H";"1";"Vaucelles";"49.02172683988197, 2.2294526219892656";"Saint-Leu-la-Forêt";"49.01523840177278, 2.2428869689226687";"04:52";"0.597"
"H";"1";"Saint-Leu-la-Forêt";"49.01523840177278, 2.2428869689226687";"Gros Noyer Saint-Prix";"48.996079034066284, 2.2596836105712628";"12:12";"1.209"
"H";"1";"Gros Noyer Saint-Prix";"48.996079034066284, 2.2596836105712628";"Ermont Halte";"48.990533377371726, 2.26320025038274";"01:39";"0.329"
"H";"1";"Ermont Halte";"48.990533377371726, 2.26320025038274";"Ermont - Eaubonne";"48.98049890628609, 2.2707541014797794";"05:00";"0.608"
"H";"2";"Enghien-les-Bains";"48.97288052394267, 2.3067933741682713";"La Barre Ormesson";"48.96628415206348, 2.3167036448125224";"03:23";"0.473"
"H";"1";"La Barre Ormesson";"48.96628415206348, 2.3167036448125224";"Épinay - Villetaneuse";"48.95792884911306, 2.3287601965958715";"04:43";"0.584"
"H";"0";"Luzarches";"49.117099228494695, 2.4200435326085863";"Seugy";"49.11912737513361, 2.3996583056293246";"08:58";"0.938"
"H";"0";"Seugy";"49.11912737513361, 2.3996583056293246";"Viarmes";"49.11663481669089, 2.3682376422969282";"15:00";"1.441"
"H";"0";"Viarmes";"49.11663481669089, 2.3682376422969282";"Belloy - Saint-Martin";"49.09838940491585, 2.3613265147338978";"10:25";"1.06"
"H";"0";"Belloy - Saint-Martin";"49.09838940491585, 2.3613265147338978";"Villaines";"49.079264370566555, 2.3505357370070645";"11:36";"1.159"
"H";"0";"Villaines";"49.079264370566555, 2.3505357370070645";"Montsoult - Maffliers";"49.06616021905701, 2.3228219079408823";"13:55";"1.35"
"H";"0";"Montsoult - Maffliers";"49.06616021905701, 2.3228219079408823";"Bouffémont - Moisselles";"49.045103567466136, 2.3229000286671555";"11:45";"1.171"
"H";"0";"Bouffémont - Moisselles";"49.045103567466136, 2.3229000286671555";"Domont";"49.03284003832482, 2.3371269712571614";"08:06";"0.866"
"H";"0";"Domont";"49.03284003832482, 2.3371269712571614";"Écouen - Ézanville";"49.02319914892831, 2.3622367893055722";"10:25";"1.059"
"H";"0";"Écouen - Ézanville";"49.02319914892831, 2.3622367893055722";"Sarcelles - Saint-Brice";"48.99620491669132, 2.3686856352535353";"15:54";"1.517"
"H";"4";"Épinay - Villetaneuse";"48.95792884911306, 2.3287601965958715";"Sarcelles - Saint-Brice";"48.99620491669132, 2.3686856352535353";"27:13";"2.46"
"H";"1";"Sarcelles - Saint-Brice";"48.99620491669132, 2.3686856352535353";"Écouen - Ézanville";"49.02319914892831, 2.3622367893055722";"15:54";"1.517"
"H";"1";"Écouen - Ézanville";"49.02319914892831, 2.3622367893055722";"Domont";"49.03284003832482, 2.3371269712571614";"10:25";"1.059"
"H";"1";"Domont";"49.03284003832482, 2.3371269712571614";"Bouffémont - Moisselles";"49.045103567466136, 2.3229000286671555";"08:06";"0.866"
"H";"1";"Bouffémont - Moisselles";"49.045103567466136, 2.3229000286671555";"Montsoult - Maffliers";"49.06616021905701, 2.3228219079408823";"11:45";"1.171"
"H";"1";"Montsoult - Maffliers";"49.06616021905701, 2.3228219079408823";"Presles - Courcelles";"49.11367528279733, 2.2878509419549213";"34:07";"3.035"
"H";"0";"Presles - Courcelles";"49.11367528279733, 2.2878509419549213";"Nointel - Mours";"49.13282894869498, 2.2799576391232472";"11:13";"1.125"
"H";"0";"Nointel - Mours";"49.13282894869498, 2.2799576391232472";"Persan - Beaumont";"49.147582944600785, 2.2777997330536137";"07:37";"0.827"
"H";"2";"Ermont - Eaubonne";"48.98049890628609, 2.2707541014797794";"Champ de Courses d'Enghien";"48.9796949197308, 2.291148632256432";"05:23";"0.64"
"H";"1";"Champ de Courses d'Enghien";"48.9796949197308, 2.291148632256432";"Enghien-les-Bains";"48.97288052394267, 2.3067933741682713";"05:04";"0.614"
"H";"2";"Montsoult - Maffliers";"49.06616021905701, 2.3228219079408823";"Villaines";"49.079264370566555, 2.3505357370070645";"13:55";"1.35"
"H";"1";"Villaines";"49.079264370566555, 2.3505357370070645";"Belloy - Saint-Martin";"49.09838940491585, 2.3613265147338978";"11:36";"1.159"
"H";"1";"Belloy - Saint-Martin";"49.09838940491585, 2.3613265147338978";"Viarmes";"49.11663481669089, 2.3682376422969282";"10:25";"1.06"
"H";"1";"Viarmes";"49.11663481669089, 2.3682376422969282";"Seugy";"49.11912737513361, 2.3996583056293246";"15:00";"1.441"
"H";"1";"Seugy";"49.11912737513361, 2.3996583056293246";"Luzarches";"49.117099228494695, 2.4200435326085863";"08:58";"0.938"
"H";"1";"Gare du Nord";"48.88230685842714, 2.356693437528564";"Épinay - Villetaneuse";"48.95792884911306, 2.3287601965958715";"48:49";"4.259"
"H";"5";"Épinay - Villetaneuse";"48.95792884911306, 2.3287601965958715";"Enghien-les-Bains";"48.97288052394267, 2.3067933741682713";"10:23";"1.057"
"H";"3";"Enghien-les-Bains";"48.97288052394267, 2.3067933741682713";"Ermont - Eaubonne";"48.98049890628609, 2.2707541014797794";"12:01";"1.193"
"H";"3";"Ermont - Eaubonne";"48.98049890628609, 2.2707541014797794";"Cernay";"48.985149200200375, 2.257017857907824";"03:46";"0.505"
"H";"1";"Cernay";"48.985149200200375, 2.257017857907824";"Franconville - Le Plessis-Bouchard";"48.99374640051787, 2.2341907839306554";"08:15";"0.879"
"H";"1";"Franconville - Le Plessis-Bouchard";"48.99374640051787, 2.2341907839306554";"Montigny - Beauchamp";"49.007744118117, 2.1965151756043033";"15:30";"1.482"
"H";"1";"Montigny - Beauchamp";"49.007744118117, 2.1965151756043033";"Pierrelaye";"49.01917957374756, 2.1545313948758564";"16:51";"1.595"
"H";"1";"Pierrelaye";"49.01917957374756, 2.1545313948758564";"Saint-Ouen-l'Aumône Liesse";"49.0341234164973, 2.128124092657316";"12:54";"1.267"
"H";"1";"Saint-Ouen-l'Aumône Liesse";"49.0341234164973, 2.128124092657316";"Saint-Ouen-l'Aumône";"49.04530690087292, 2.105230857870794";"10:27";"1.062"
"H";"1";"Saint-Ouen-l'Aumône";"49.04530690087292, 2.105230857870794";"Pontoise";"49.04673337596684, 2.0957859968423524";"02:09";"0.37"
"H";"2";"Saint-Leu-la-Forêt";"49.01523840177278, 2.2428869689226687";"Valmondois";"49.09093718795672, 2.2019152338634327";"51:41";"4.498"
"H";"1";"Persan - Beaumont";"49.147582944600785, 2.2777997330536137";"Nointel - Mours";"49.13282894869498, 2.2799576391232472";"07:37";"0.827"
"H";"1";"Nointel - Mours";"49.13282894869498, 2.2799576391232472";"Presles - Courcelles";"49.11367528279733, 2.2878509419549213";"11:13";"1.125"
"H";"1";"Presles - Courcelles";"49.11367528279733, 2.2878509419549213";"Montsoult - Maffliers";"49.06616021905701, 2.3228219079408823";"34:07";"3.035"
"H";"2";"Sarcelles - Saint-Brice";"48.99620491669132, 2.3686856352535353";"Gare du Nord";"48.88230685842714, 2.356693437528564";"73:46";"6.339"
"H";"2";"Saint-Ouen-l'Aumône";"49.04530690087292, 2.105230857870794";"Gare Épluches";"49.055049202893706, 2.1226568963520114";"08:05";"0.865"
"H";"0";"Gare Épluches";"49.055049202893706, 2.1226568963520114";"Pont Petit";"49.06087605161007, 2.131241645234573";"03:20";"0.469"
"H";"0";"Pont Petit";"49.06087605161007, 2.131241645234573";"Chaponval";"49.069127824401804, 2.1410848292610347";"04:59";"0.606"
"H";"0";"Chaponval";"49.069127824401804, 2.1410848292610347";"Auvers-sur-Oise";"49.07034498316611, 2.174916445478343";"14:16";"1.38"
"H";"0";"Auvers-sur-Oise";"49.07034498316611, 2.174916445478343";"Valmondois";"49.09093718795672, 2.2019152338634327";"17:00";"1.608"
"H";"1";"Valmondois";"49.09093718795672, 2.2019152338634327";"L'Isle-Adam - Parmain";"49.11454854558362, 2.209941858169547";"14:01";"1.359"
"H";"1";"L'Isle-Adam - Parmain";"49.11454854558362, 2.209941858169547";"Champagne-sur-Oise";"49.136089580289706, 2.242987667830016";"21:03";"1.945"
"H";"1";"Champagne-sur-Oise";"49.136089580289706, 2.242987667830016";"Persan - Beaumont";"49.147582944600785, 2.2777997330536137";"19:12";"1.791"
"H";"2";"Persan - Beaumont";"49.147582944600785, 2.2777997330536137";"Bruyères-sur-Oise";"49.15511620671838, 2.32483287423228";"25:50";"2.343"
"H";"0";"Bruyères-sur-Oise";"49.15511620671838, 2.32483287423228";"Boran-sur-Oise";"49.16664871633883, 2.362237794019318";"21:25";"1.976"
"H";"0";"Boran-sur-Oise";"49.16664871633883, 2.362237794019318";"Précy-sur-Oise";"49.20347714232073, 2.377341204610025";"24:02";"2.194"
"H";"0";"Précy-sur-Oise";"49.20347714232073, 2.377341204610025";"Saint-Leu-d'Esserent";"49.21379460642065, 2.417071454431694";"24:39";"2.246"
"H";"0";"Saint-Leu-d'Esserent";"49.21379460642065, 2.417071454431694";"Creil";"49.264185555044406, 2.46892902764167";"46:48";"4.091"
"H";"0";"Creil";"49.264185555044406, 2.46892902764167";"Saint-Leu-d'Esserent";"49.21379460642065, 2.417071454431694";"46:48";"4.091"
"H";"1";"Saint-Leu-d'Esserent";"49.21379460642065, 2.417071454431694";"Précy-sur-Oise";"49.20347714232073, 2.377341204610025";"24:39";"2.246"
"H";"1";"Précy-sur-Oise";"49.20347714232073, 2.377341204610025";"Boran-sur-Oise";"49.16664871633883, 2.362237794019318";"24:02";"2.194"
"H";"1";"Boran-sur-Oise";"49.16664871633883, 2.362237794019318";"Bruyères-sur-Oise";"49.15511620671838, 2.32483287423228";"21:25";"1.976"
"H";"1";"Bruyères-sur-Oise";"49.15511620671838, 2.32483287423228";"Persan - Beaumont";"49.147582944600785, 2.2777997330536137";"25:50";"2.343"
"H";"2";"Valmondois";"49.09093718795672, 2.2019152338634327";"Auvers-sur-Oise";"49.07034498316611, 2.174916445478343";"17:00";"1.608"
"H";"1";"Auvers-sur-Oise";"49.07034498316611, 2.174916445478343";"Chaponval";"49.069127824401804, 2.1410848292610347";"14:16";"1.38"
"H";"1";"Chaponval";"49.069127824401804, 2.1410848292610347";"Pont Petit";"49.06087605161007, 2.131241645234573";"04:59";"0.606"
"H";"1";"Pont Petit";"49.06087605161007, 2.131241645234573";"Gare Épluches";"49.055049202893706, 2.1226568963520114";"03:20";"0.469"
"H";"1";"Gare Épluches";"49.055049202893706, 2.1226568963520114";"Saint-Ouen-l'Aumône";"49.04530690087292, 2.105230857870794";"08:05";"0.865"
"H";"3";"Sarcelles - Saint-Brice";"48.99620491669132, 2.3686856352535353";"Épinay - Villetaneuse";"48.95792884911306, 2.3287601965958715";"27:13";"2.46"
"H";"2";"Gare du Nord";"48.88230685842714, 2.356693437528564";"Sarcelles - Saint-Brice";"48.99620491669132, 2.3686856352535353";"73:46";"6.339"
"H";"3";"Valmondois";"49.09093718795672, 2.2019152338634327";"Saint-Leu-la-Forêt";"49.01523840177278, 2.2428869689226687";"51:41";"4.498"
"H";"4";"Valmondois";"49.09093718795672, 2.2019152338634327";"Persan - Beaumont";"49.147582944600785, 2.2777997330536137";"53:54";"4.684"
"J";"0";"Ermont - Eaubonne";"48.98049890628609, 2.2707541014797794";"Sannois";"48.970881176549405, 2.263820283806777";"04:37";"0.576"
"J";"0";"Sannois";"48.970881176549405, 2.263820283806777";"Argenteuil";"48.9468952901277, 2.257913508915154";"13:50";"1.344"
"J";"0";"Argenteuil";"48.9468952901277, 2.257913508915154";"Le Stade";"48.93172049557505, 2.260948512567054";"07:52";"0.847"
"J";"0";"Le Stade";"48.93172049557505, 2.260948512567054";"Colombes";"48.92395845032284, 2.2593187577109575";"02:54";"0.434"
"J";"0";"Colombes";"48.92395845032284, 2.2593187577109575";"Bois-Colombes";"48.91419560591249, 2.2716490888242244";"05:10";"0.623"
"J";"0";"Bois-Colombes";"48.91419560591249, 2.2716490888242244";"Asnières-sur-Seine";"48.90587474197106, 2.2832114335873186";"04:10";"0.538"
"J";"0";"Asnières-sur-Seine";"48.90587474197106, 2.2832114335873186";"Gare Saint-Lazare";"48.87747568635212, 2.3244386552397684";"19:29";"1.815"
"J";"0";"Gare Saint-Lazare";"48.87747568635212, 2.3244386552397684";"Mantes-la-Jolie";"48.989295021419494, 1.703836824856348";"202:01";"17.026"
"J";"0";"Mantes-la-Jolie";"48.989295021419494, 1.703836824856348";"Mantes Station";"48.98360892717879, 1.7151334567152097";"03:28";"0.48"
"J";"0";"Mantes Station";"48.98360892717879, 1.7151334567152097";"Épône - Mézières";"48.96340497197892, 1.809133387838305";"34:44";"3.086"
"J";"0";"Épône - Mézières";"48.96340497197892, 1.809133387838305";"Aubergenville Élisabethville";"48.97233225408568, 1.8489603900783327";"13:14";"1.293"
"J";"0";"Aubergenville Élisabethville";"48.97233225408568, 1.8489603900783327";"Les Mureaux";"48.99259097971094, 1.9134674211236111";"25:36";"2.325"
"J";"0";"Les Mureaux";"48.99259097971094, 1.9134674211236111";"Les Clairières de Verneuil";"48.99266997269272, 1.9552440340828119";"14:04";"1.363"
"J";"0";"Les Clairières de Verneuil";"48.99266997269272, 1.9552440340828119";"Vernouillet - Verneuil";"48.981645855003116, 1.9829377621754614";"10:39";"1.079"
"J";"0";"Vernouillet - Verneuil";"48.981645855003116, 1.9829377621754614";"Villennes-sur-Seine";"48.93983138477974, 1.999557321396041";"26:12";"2.374"
"J";"0";"Villennes-sur-Seine";"48.93983138477974, 1.999557321396041";"Poissy";"48.93324983956547, 2.040804469960689";"11:36";"1.158"
"J";"0";"Poissy";"48.93324983956547, 2.040804469960689";"Maisons-Laffitte";"48.94574060746957, 2.1446722659338855";"32:18";"2.883"
"J";"0";"Maisons-Laffitte";"48.94574060746957, 2.1446722659338855";"Sartrouville";"48.93769529363442, 2.1572200388507317";"04:27";"0.562"
"J";"0";"Sartrouville";"48.93769529363442, 2.1572200388507317";"Houilles - Carrières-sur-Seine";"48.92034757911033, 2.1851757042018707";"12:09";"1.204"
"J";"0";"Houilles - Carrières-sur-Seine";"48.92034757911033, 2.1851757042018707";"Gare Saint-Lazare";"48.87747568635212, 2.3244386552397684";"44:50";"3.928"
"J";"1";"Poissy";"48.93324983956547, 2.040804469960689";"Houilles - Carrières-sur-Seine";"48.92034757911033, 2.1851757042018707";"42:49";"3.76"
"J";"1";"Gare Saint-Lazare";"48.87747568635212, 2.3244386552397684";"Argenteuil";"48.9468952901277, 2.257913508915154";"47:43";"4.168"
"J";"1";"Argenteuil";"48.9468952901277, 2.257913508915154";"Val d'Argenteuil";"48.95065749524003, 2.2326940500534516";"06:32";"0.735"
"J";"0";"Val d'Argenteuil";"48.95065749524003, 2.2326940500534516";"Cormeilles-en-Parisis";"48.9686435877584, 2.1930511780913897";"16:01";"1.527"
"J";"0";"Cormeilles-en-Parisis";"48.9686435877584, 2.1930511780913897";"La Frette - Montigny";"48.97988373233732, 2.180341866372171";"06:33";"0.736"
"J";"0";"La Frette - Montigny";"48.97988373233732, 2.180341866372171";"Herblay";"48.990136140429954, 2.1622316587721904";"07:26";"0.81"
"J";"0";"Herblay";"48.990136140429954, 2.1622316587721904";"Conflans-Sainte-Honorine";"48.996919424234726, 2.09871661352047";"23:03";"2.113"
"J";"0";"Conflans-Sainte-Honorine";"48.996919424234726, 2.09871661352047";"Conflans Fin d'Oise";"48.991156287258484, 2.0746499245710193";"07:55";"0.852"
"J";"0";"Conflans Fin d'Oise";"48.991156287258484, 2.0746499245710193";"Maurecourt";"48.986862412057214, 2.059634534011659";"04:11";"0.54"
"J";"0";"Maurecourt";"48.986862412057214, 2.059634534011659";"Andrésy";"48.974620752632916, 2.0486677678528";"06:51";"0.762"
"J";"0";"Andrésy";"48.974620752632916, 2.0486677678528";"Chanteloup-les-Vignes";"48.97035707590211, 2.0276211497651646";"05:55";"0.684"
"J";"0";"Chanteloup-les-Vignes";"48.97035707590211, 2.0276211497651646";"Triel-sur-Seine";"48.98141600700941, 2.005709444143668";"08:40";"0.914"
"J";"0";"Triel-sur-Seine";"48.98141600700941, 2.005709444143668";"Vaux-sur-Seine";"49.0073550143858, 1.9630264473162566";"21:49";"2.01"
"J";"0";"Vaux-sur-Seine";"49.0073550143858, 1.9630264473162566";"Thun le Paradis";"49.006673442207415, 1.919170589720022";"15:41";"1.499"
"J";"0";"Thun le Paradis";"49.006673442207415, 1.919170589720022";"Meulan - Hardricourt";"49.00581615609435, 1.9021289902435004";"04:42";"0.583"
"J";"0";"Meulan - Hardricourt";"49.00581615609435, 1.9021289902435004";"Juziers";"48.99224048747195, 1.8449525722587152";"22:17";"2.048"
"J";"0";"Juziers";"48.99224048747195, 1.8449525722587152";"Gargenville";"48.983003872761415, 1.8090110590166268";"12:51";"1.263"
"J";"0";"Gargenville";"48.983003872761415, 1.8090110590166268";"Issou - Porcheville";"48.9793069192499, 1.7838404356830648";"07:30";"0.817"
"J";"0";"Issou - Porcheville";"48.9793069192499, 1.7838404356830648";"Limay";"48.98420212754175, 1.7474125098984148";"11:51";"1.179"
"J";"0";"Limay";"48.98420212754175, 1.7474125098984148";"Mantes Station";"48.98360892717879, 1.7151334567152097";"10:00";"1.024"
"J";"1";"Mantes Station";"48.98360892717879, 1.7151334567152097";"Mantes-la-Jolie";"48.989295021419494, 1.703836824856348";"03:28";"0.48"
"J";"0";"Gisors";"49.285504693998305, 1.7847679942171768";"Chaumont-en-Vexin";"49.26118959499568, 1.8732362595841847";"64:15";"5.545"
"J";"0";"Chaumont-en-Vexin";"49.26118959499568, 1.8732362595841847";"Chars";"49.16300140123273, 1.936865953454158";"75:24";"6.474"
"J";"0";"Chars";"49.16300140123273, 1.936865953454158";"Us";"49.09955483034093, 1.9705444983242866";"44:04";"3.864"
"J";"0";"Us";"49.09955483034093, 1.9705444983242866";"Boissy-l'Aillerie";"49.07572135804642, 2.025386064104548";"29:54";"2.683"
"J";"0";"Boissy-l'Aillerie";"49.07572135804642, 2.025386064104548";"Osny";"49.06281914403825, 2.0581556508746317";"15:52";"1.514"
"J";"0";"Osny";"49.06281914403825, 2.0581556508746317";"Pontoise";"49.04673337596684, 2.0957859968423524";"18:23";"1.724"
"J";"0";"Pontoise";"49.04673337596684, 2.0957859968423524";"Saint-Ouen-l'Aumône Quartier de l'Église";"49.03909361746138, 2.1034691329132857";"03:53";"0.515"
"J";"0";"Saint-Ouen-l'Aumône Quartier de l'Église";"49.03909361746138, 2.1034691329132857";"Éragny - Neuville";"49.01790068888594, 2.090571123307668";"12:55";"1.268"
"J";"0";"Éragny - Neuville";"49.01790068888594, 2.090571123307668";"Conflans-Sainte-Honorine";"48.996919424234726, 2.09871661352047";"12:06";"1.199"
"J";"1";"Conflans-Sainte-Honorine";"48.996919424234726, 2.09871661352047";"Herblay";"48.990136140429954, 2.1622316587721904";"23:03";"2.113"
"J";"1";"Herblay";"48.990136140429954, 2.1622316587721904";"La Frette - Montigny";"48.97988373233732, 2.180341866372171";"07:26";"0.81"
"J";"1";"La Frette - Montigny";"48.97988373233732, 2.180341866372171";"Val d'Argenteuil";"48.95065749524003, 2.2326940500534516";"24:41";"2.248"
"J";"1";"Val d'Argenteuil";"48.95065749524003, 2.2326940500534516";"Argenteuil";"48.9468952901277, 2.257913508915154";"06:32";"0.735"
"J";"2";"Argenteuil";"48.9468952901277, 2.257913508915154";"Gare Saint-Lazare";"48.87747568635212, 2.3244386552397684";"47:43";"4.168"
"J";"2";"La Frette - Montigny";"48.97988373233732, 2.180341866372171";"Cormeilles-en-Parisis";"48.9686435877584, 2.1930511780913897";"06:33";"0.736"
"J";"1";"Cormeilles-en-Parisis";"48.9686435877584, 2.1930511780913897";"Val d'Argenteuil";"48.95065749524003, 2.2326940500534516";"16:01";"1.527"
"J";"2";"Gare Saint-Lazare";"48.87747568635212, 2.3244386552397684";"Asnières-sur-Seine";"48.90587474197106, 2.2832114335873186";"19:29";"1.815"
"J";"1";"Asnières-sur-Seine";"48.90587474197106, 2.2832114335873186";"Bois-Colombes";"48.91419560591249, 2.2716490888242244";"04:10";"0.538"
"J";"1";"Bois-Colombes";"48.91419560591249, 2.2716490888242244";"Colombes";"48.92395845032284, 2.2593187577109575";"05:10";"0.623"
"J";"1";"Colombes";"48.92395845032284, 2.2593187577109575";"Le Stade";"48.93172049557505, 2.260948512567054";"02:54";"0.434"
"J";"1";"Le Stade";"48.93172049557505, 2.260948512567054";"Argenteuil";"48.9468952901277, 2.257913508915154";"07:52";"0.847"
"J";"3";"Argenteuil";"48.9468952901277, 2.257913508915154";"Sannois";"48.970881176549405, 2.263820283806777";"13:50";"1.344"
"J";"1";"Sannois";"48.970881176549405, 2.263820283806777";"Ermont - Eaubonne";"48.98049890628609, 2.2707541014797794";"04:37";"0.576"
"J";"4";"Argenteuil";"48.9468952901277, 2.257913508915154";"Cormeilles-en-Parisis";"48.9686435877584, 2.1930511780913897";"24:28";"2.23"
"J";"2";"Cormeilles-en-Parisis";"48.9686435877584, 2.1930511780913897";"Conflans-Sainte-Honorine";"48.996919424234726, 2.09871661352047";"38:06";"3.366"
"J";"2";"Conflans-Sainte-Honorine";"48.996919424234726, 2.09871661352047";"Éragny - Neuville";"49.01790068888594, 2.090571123307668";"12:06";"1.199"
"J";"1";"Éragny - Neuville";"49.01790068888594, 2.090571123307668";"Saint-Ouen-l'Aumône Quartier de l'Église";"49.03909361746138, 2.1034691329132857";"12:55";"1.268"
"J";"1";"Saint-Ouen-l'Aumône Quartier de l'Église";"49.03909361746138, 2.1034691329132857";"Pontoise";"49.04673337596684, 2.0957859968423524";"03:53";"0.515"
"J";"2";"Poissy";"48.93324983956547, 2.040804469960689";"Gare Saint-Lazare";"48.87747568635212, 2.3244386552397684";"84:30";"7.234"
"J";"2";"Mantes Station";"48.98360892717879, 1.7151334567152097";"Limay";"48.98420212754175, 1.7474125098984148";"10:00";"1.024"
"J";"1";"Limay";"48.98420212754175, 1.7474125098984148";"Issou - Porcheville";"48.9793069192499, 1.7838404356830648";"11:51";"1.179"
"J";"1";"Issou - Porcheville";"48.9793069192499, 1.7838404356830648";"Gargenville";"48.983003872761415, 1.8090110590166268";"07:30";"0.817"
"J";"1";"Gargenville";"48.983003872761415, 1.8090110590166268";"Juziers";"48.99224048747195, 1.8449525722587152";"12:51";"1.263"
"J";"1";"Juziers";"48.99224048747195, 1.8449525722587152";"Meulan - Hardricourt";"49.00581615609435, 1.9021289902435004";"22:17";"2.048"
"J";"1";"Meulan - Hardricourt";"49.00581615609435, 1.9021289902435004";"Thun le Paradis";"49.006673442207415, 1.919170589720022";"04:42";"0.583"
"J";"1";"Thun le Paradis";"49.006673442207415, 1.919170589720022";"Vaux-sur-Seine";"49.0073550143858, 1.9630264473162566";"15:41";"1.499"
"J";"1";"Vaux-sur-Seine";"49.0073550143858, 1.9630264473162566";"Triel-sur-Seine";"48.98141600700941, 2.005709444143668";"21:49";"2.01"
"J";"1";"Triel-sur-Seine";"48.98141600700941, 2.005709444143668";"Chanteloup-les-Vignes";"48.97035707590211, 2.0276211497651646";"08:40";"0.914"
"J";"1";"Chanteloup-les-Vignes";"48.97035707590211, 2.0276211497651646";"Andrésy";"48.974620752632916, 2.0486677678528";"05:55";"0.684"
"J";"1";"Andrésy";"48.974620752632916, 2.0486677678528";"Maurecourt";"48.986862412057214, 2.059634534011659";"06:51";"0.762"
"J";"1";"Maurecourt";"48.986862412057214, 2.059634534011659";"Conflans Fin d'Oise";"48.991156287258484, 2.0746499245710193";"04:11";"0.54"
"J";"1";"Conflans Fin d'Oise";"48.991156287258484, 2.0746499245710193";"Conflans-Sainte-Honorine";"48.996919424234726, 2.09871661352047";"07:55";"0.852"
"J";"1";"Pontoise";"49.04673337596684, 2.0957859968423524";"Osny";"49.06281914403825, 2.0581556508746317";"18:23";"1.724"
"J";"1";"Osny";"49.06281914403825, 2.0581556508746317";"Boissy-l'Aillerie";"49.07572135804642, 2.025386064104548";"15:52";"1.514"
"J";"1";"Boissy-l'Aillerie";"49.07572135804642, 2.025386064104548";"Montgeroult - Courcelles";"49.080811910011626, 2.0029460458068105";"09:25";"0.976"
"J";"0";"Montgeroult - Courcelles";"49.080811910011626, 2.0029460458068105";"Us";"49.09955483034093, 1.9705444983242866";"18:32";"1.735"
"J";"1";"Us";"49.09955483034093, 1.9705444983242866";"Santeuil - Le Perchay";"49.12334471123142, 1.949406923865895";"17:15";"1.629"
"J";"0";"Santeuil - Le Perchay";"49.12334471123142, 1.949406923865895";"Chars";"49.16300140123273, 1.936865953454158";"25:08";"2.286"
"J";"1";"Chars";"49.16300140123273, 1.936865953454158";"Lavilletertre";"49.20238205277644, 1.9205792747729";"25:53";"2.348"
"J";"0";"Lavilletertre";"49.20238205277644, 1.9205792747729";"Liancourt-Saint-Pierre";"49.22054256178432, 1.9054790812050526";"13:23";"1.306"
"J";"0";"Liancourt-Saint-Pierre";"49.22054256178432, 1.9054790812050526";"Chaumont-en-Vexin";"49.26118959499568, 1.8732362595841847";"32:50";"2.927"
"J";"1";"Chaumont-en-Vexin";"49.26118959499568, 1.8732362595841847";"Trie-Château";"49.2824007109848, 1.818497020989674";"39:59";"3.523"
"J";"0";"Trie-Château";"49.2824007109848, 1.818497020989674";"Gisors";"49.285504693998305, 1.7847679942171768";"22:48";"2.091"
"J";"3";"Gare Saint-Lazare";"48.87747568635212, 2.3244386552397684";"Houilles - Carrières-sur-Seine";"48.92034757911033, 2.1851757042018707";"44:50";"3.928"
"J";"1";"Houilles - Carrières-sur-Seine";"48.92034757911033, 2.1851757042018707";"Poissy";"48.93324983956547, 2.040804469960689";"42:49";"3.76"
"J";"3";"Poissy";"48.93324983956547, 2.040804469960689";"Villennes-sur-Seine";"48.93983138477974, 1.999557321396041";"11:36";"1.158"
"J";"1";"Villennes-sur-Seine";"48.93983138477974, 1.999557321396041";"Vernouillet - Verneuil";"48.981645855003116, 1.9829377621754614";"26:12";"2.374"
"J";"1";"Vernouillet - Verneuil";"48.981645855003116, 1.9829377621754614";"Les Clairières de Verneuil";"48.99266997269272, 1.9552440340828119";"10:39";"1.079"
"J";"1";"Les Clairières de Verneuil";"48.99266997269272, 1.9552440340828119";"Les Mureaux";"48.99259097971094, 1.9134674211236111";"14:04";"1.363"
"J";"1";"Les Mureaux";"48.99259097971094, 1.9134674211236111";"Aubergenville Élisabethville";"48.97233225408568, 1.8489603900783327";"25:36";"2.325"
"J";"1";"Aubergenville Élisabethville";"48.97233225408568, 1.8489603900783327";"Épône - Mézières";"48.96340497197892, 1.809133387838305";"13:14";"1.293"
"J";"1";"Épône - Mézières";"48.96340497197892, 1.809133387838305";"Mantes Station";"48.98360892717879, 1.7151334567152097";"34:44";"3.086"
"J";"1";"Mantes-la-Jolie";"48.989295021419494, 1.703836824856348";"Rosny-sur-Seine";"48.99751746396684, 1.6298170882272784";"27:17";"2.464"
"J";"0";"Rosny-sur-Seine";"48.99751746396684, 1.6298170882272784";"Bonnières";"49.03882194566387, 1.5820546885594051";"31:53";"2.848"
"J";"0";"Bonnières";"49.03882194566387, 1.5820546885594051";"Vernon - Giverny";"49.091626659828435, 1.477776772218189";"59:04";"5.113"
"J";"1";"Gisors";"49.285504693998305, 1.7847679942171768";"Trie-Château";"49.2824007109848, 1.818497020989674";"22:48";"2.091"
"J";"1";"Trie-Château";"49.2824007109848, 1.818497020989674";"Chaumont-en-Vexin";"49.26118959499568, 1.8732362595841847";"39:59";"3.523"
"J";"2";"Chaumont-en-Vexin";"49.26118959499568, 1.8732362595841847";"Liancourt-Saint-Pierre";"49.22054256178432, 1.9054790812050526";"32:50";"2.927"
"J";"1";"Liancourt-Saint-Pierre";"49.22054256178432, 1.9054790812050526";"Lavilletertre";"49.20238205277644, 1.9205792747729";"13:23";"1.306"
"J";"1";"Lavilletertre";"49.20238205277644, 1.9205792747729";"Chars";"49.16300140123273, 1.936865953454158";"25:53";"2.348"
"J";"2";"Chars";"49.16300140123273, 1.936865953454158";"Santeuil - Le Perchay";"49.12334471123142, 1.949406923865895";"25:08";"2.286"
"J";"1";"Santeuil - Le Perchay";"49.12334471123142, 1.949406923865895";"Us";"49.09955483034093, 1.9705444983242866";"17:15";"1.629"
"J";"2";"Us";"49.09955483034093, 1.9705444983242866";"Montgeroult - Courcelles";"49.080811910011626, 2.0029460458068105";"18:32";"1.735"
"J";"1";"Montgeroult - Courcelles";"49.080811910011626, 2.0029460458068105";"Boissy-l'Aillerie";"49.07572135804642, 2.025386064104548";"09:25";"0.976"
"J";"2";"Pontoise";"49.04673337596684, 2.0957859968423524";"Conflans-Sainte-Honorine";"48.996919424234726, 2.09871661352047";"30:57";"2.771"
"J";"2";"Herblay";"48.990136140429954, 2.1622316587721904";"Val d'Argenteuil";"48.95065749524003, 2.2326940500534516";"34:23";"3.056"
"J";"3";"Conflans-Sainte-Honorine";"48.996919424234726, 2.09871661352047";"Cormeilles-en-Parisis";"48.9686435877584, 2.1930511780913897";"38:06";"3.366"
"J";"2";"Val d'Argenteuil";"48.95065749524003, 2.2326940500534516";"Herblay";"48.990136140429954, 2.1622316587721904";"34:23";"3.056"
"J";"4";"Conflans-Sainte-Honorine";"48.996919424234726, 2.09871661352047";"Pontoise";"49.04673337596684, 2.0957859968423524";"30:57";"2.771"
"J";"4";"Gare Saint-Lazare";"48.87747568635212, 2.3244386552397684";"Poissy";"48.93324983956547, 2.040804469960689";"84:30";"7.234"
"J";"3";"Cormeilles-en-Parisis";"48.9686435877584, 2.1930511780913897";"Herblay";"48.990136140429954, 2.1622316587721904";"16:07";"1.534"
"J";"2";"Houilles - Carrières-sur-Seine";"48.92034757911033, 2.1851757042018707";"Vernouillet - Verneuil";"48.981645855003116, 1.9829377621754614";"76:58";"6.605"
"J";"2";"Vernouillet - Verneuil";"48.981645855003116, 1.9829377621754614";"Les Mureaux";"48.99259097971094, 1.9134674211236111";"25:24";"2.308"
"J";"0";"Vernon - Giverny";"49.091626659828435, 1.477776772218189";"Bonnières";"49.03882194566387, 1.5820546885594051";"59:04";"5.113"
"J";"1";"Bonnières";"49.03882194566387, 1.5820546885594051";"Rosny-sur-Seine";"48.99751746396684, 1.6298170882272784";"31:53";"2.848"
"J";"1";"Rosny-sur-Seine";"48.99751746396684, 1.6298170882272784";"Mantes-la-Jolie";"48.989295021419494, 1.703836824856348";"27:17";"2.464"
"J";"2";"Boissy-l'Aillerie";"49.07572135804642, 2.025386064104548";"Us";"49.09955483034093, 1.9705444983242866";"29:54";"2.683"
"J";"3";"Us";"49.09955483034093, 1.9705444983242866";"Chars";"49.16300140123273, 1.936865953454158";"44:04";"3.864"
"J";"3";"Chars";"49.16300140123273, 1.936865953454158";"Chaumont-en-Vexin";"49.26118959499568, 1.8732362595841847";"75:24";"6.474"
"J";"3";"Chaumont-en-Vexin";"49.26118959499568, 1.8732362595841847";"Gisors";"49.285504693998305, 1.7847679942171768";"64:15";"5.545"
"J";"2";"Les Mureaux";"48.99259097971094, 1.9134674211236111";"Vernouillet - Verneuil";"48.981645855003116, 1.9829377621754614";"25:24";"2.308"
"J";"3";"Vernouillet - Verneuil";"48.981645855003116, 1.9829377621754614";"Houilles - Carrières-sur-Seine";"48.92034757911033, 2.1851757042018707";"76:58";"6.605"
"J";"4";"Cormeilles-en-Parisis";"48.9686435877584, 2.1930511780913897";"Argenteuil";"48.9468952901277, 2.257913508915154";"24:28";"2.23"
"J";"2";"Mantes-la-Jolie";"48.989295021419494, 1.703836824856348";"Gare Saint-Lazare";"48.87747568635212, 2.3244386552397684";"202:01";"17.026"
"J";"3";"Herblay";"48.990136140429954, 2.1622316587721904";"Cormeilles-en-Parisis";"48.9686435877584, 2.1930511780913897";"16:07";"1.534"
"J";"3";"Val d'Argenteuil";"48.95065749524003, 2.2326940500534516";"La Frette - Montigny";"48.97988373233732, 2.180341866372171";"24:41";"2.248"
"J";"2";"Asnières-sur-Seine";"48.90587474197106, 2.2832114335873186";"Argenteuil";"48.9468952901277, 2.257913508915154";"26:08";"2.369"
"J";"5";"Argenteuil";"48.9468952901277, 2.257913508915154";"Asnières-sur-Seine";"48.90587474197106, 2.2832114335873186";"26:08";"2.369"
"J";"3";"Houilles - Carrières-sur-Seine";"48.92034757911033, 2.1851757042018707";"Sartrouville";"48.93769529363442, 2.1572200388507317";"12:09";"1.204"
"J";"1";"Sartrouville";"48.93769529363442, 2.1572200388507317";"Maisons-Laffitte";"48.94574060746957, 2.1446722659338855";"04:27";"0.562"
"J";"1";"Maisons-Laffitte";"48.94574060746957, 2.1446722659338855";"Poissy";"48.93324983956547, 2.040804469960689";"32:18";"2.883"
"J";"5";"Conflans-Sainte-Honorine";"48.996919424234726, 2.09871661352047";"Argenteuil";"48.9468952901277, 2.257913508915154";"64:31";"5.568"
"J";"5";"Gare Saint-Lazare";"48.87747568635212, 2.3244386552397684";"Le Stade";"48.93172049557505, 2.260948512567054";"37:54";"3.35"
"J";"2";"Villennes-sur-Seine";"48.93983138477974, 1.999557321396041";"Houilles - Carrières-sur-Seine";"48.92034757911033, 2.1851757042018707";"56:51";"4.929"